id,nom,prenom,age,experience,competence,formation_suggeree
1,Dubois,Leila,42,16,"IA/ML, kubernetes",Deep Learning & IA Appliquée
2,Bouaziz,Marc,28,5,"Réseaux, python",Administration Réseaux & Cisco
3,Haddad,Karim,27,4,"Réseaux, kubernetes",Administration Réseaux & Cisco
4,Lemoine,Paul,37,10,"IA/ML, kubernetes",Deep Learning & IA Appliquée
5,Bouaziz,Nina,51,18,"Développement Mobile, cloud",Formation Flutter / React Native
6,Petit,Amina,53,2,"Cybersécurité, python",Sécurité Réseaux & Pentesting
7,Dubois,Yasmine,40,2,"Base de Données, linux",SQL & NoSQL pour Développeurs
8,Bouaziz,Sophie,46,27,"IA/ML, docker",Deep Learning & IA Appliquée
9,Ziani,Jean,35,1,"Développement Mobile, docker",Formation Flutter / React Native
10,Petit,Nina,43,11,"IA/ML, kubernetes",Deep Learning & IA Appliquée
11,Dubois,Karim,34,15,"Cybersécurité, kubernetes",Sécurité Réseaux & Pentesting
12,Bouaziz,Karim,25,1,"Développement Web, docker",Formation Développement Web Frontend
13,Ziani,Karim,50,6,"DevOps, cloud",CI/CD avec Docker & Jenkins
14,Durand,Sophie,26,1,"Développement Web, linux",Formation Développement Web Frontend
15,Khelifi,Leila,37,17,"Cybersécurité, kubernetes",Sécurité Réseaux & Pentesting
16,Khelifi,Leila,47,23,"DevOps, kubernetes",CI/CD avec Docker & Jenkins
17,Lemoine,Amina,37,5,"Développement Web, linux",Formation Développement Web Frontend
18,Khelifi,Sophie,31,6,"Cloud Computing, cloud",Certification AWS / Azure
19,Bouaziz,Leila,35,17,"Réseaux, kubernetes",Administration Réseaux & Cisco
20,Lemoine,Jean,45,5,"Développement Web, cloud",Formation Développement Web Frontend
21,Moreau,Ali,39,0,"Développement Web, linux",Formation Développement Web Frontend
22,Durand,Karim,29,8,"DevOps, cloud",CI/CD avec Docker & Jenkins
23,Petit,Jean,50,18,"Réseaux, linux",Administration Réseaux & Cisco
24,Bouaziz,Leila,23,3,"DevOps, python",CI/CD avec Docker & Jenkins
25,Haddad,Nina,38,7,"IA/ML, cloud",Deep Learning & IA Appliquée
26,Petit,Marc,55,16,"Support Technique, cloud",Support IT & Gestion Incidents
27,Bouaziz,Marc,41,8,"Réseaux, kubernetes",Administration Réseaux & Cisco
28,Petit,Marc,28,3,"DevOps, python",CI/CD avec Docker & Jenkins
29,Khelifi,Sophie,23,3,"Base de Données, linux",SQL & NoSQL pour Développeurs
30,Petit,Jean,45,27,"Développement Web, python",Formation Développement Web Frontend
31,Dubois,Karim,32,7,"Support Technique, python",Support IT & Gestion Incidents
32,Bouaziz,Jean,36,1,"DevOps, docker",CI/CD avec Docker & Jenkins
33,Khelifi,Nina,46,16,"IA/ML, cloud",Deep Learning & IA Appliquée
34,Khelifi,Marc,26,0,"Data Science, cloud",Machine Learning avec Python
35,Durand,Amina,29,9,"Data Science, docker",Machine Learning avec Python
36,Dubois,Sophie,24,1,"Base de Données, python",SQL & NoSQL pour Développeurs
37,Bouaziz,Paul,32,1,"Support Technique, python",Support IT & Gestion Incidents
38,Haddad,Paul,48,21,"Base de Données, linux",SQL & NoSQL pour Développeurs
39,Lemoine,Ali,48,9,"IA/ML, kubernetes",Deep Learning & IA Appliquée
40,Lemoine,Sophie,34,15,"Cybersécurité, python",Sécurité Réseaux & Pentesting
41,Haddad,Paul,32,9,"Développement Web, kubernetes",Formation Développement Web Frontend
42,Khelifi,Ali,29,4,"Support Technique, cloud",Support IT & Gestion Incidents
43,Khelifi,Ali,22,1,"Réseaux, linux",Administration Réseaux & Cisco
44,Durand,Yasmine,41,13,"Cloud Computing, python",Certification AWS / Azure
45,Bouaziz,Nina,34,14,"DevOps, kubernetes",CI/CD avec Docker & Jenkins
46,Dubois,Sophie,40,2,"IA/ML, docker",Deep Learning & IA Appliquée
47,Haddad,Jean,42,1,"Data Science, docker",Machine Learning avec Python
48,Durand,Karim,38,9,"Data Science, linux",Machine Learning avec Python
49,Lemoine,Leila,23,5,"Développement Web, kubernetes",Formation Développement Web Frontend
50,Moreau,Leila,39,18,"Cloud Computing, linux",Certification AWS / Azure
51,Haddad,Jean,31,7,"Support Technique, kubernetes",Support IT & Gestion Incidents
52,Khelifi,Leila,23,3,"Réseaux, python",Administration Réseaux & Cisco
53,Lemoine,Jean,48,20,"IA/ML, kubernetes",Deep Learning & IA Appliquée
54,Lemoine,Yasmine,51,12,"Data Science, python",Machine Learning avec Python
55,Petit,Ali,55,37,"Réseaux, python",Administration Réseaux & Cisco
56,Durand,Sophie,33,6,"DevOps, docker",CI/CD avec Docker & Jenkins
57,Petit,Jean,36,17,"Réseaux, cloud",Administration Réseaux & Cisco
58,Petit,Karim,50,13,"Support Technique, docker",Support IT & Gestion Incidents
59,Moreau,Paul,44,23,"Développement Mobile, linux",Formation Flutter / React Native
60,Khelifi,Paul,39,5,"Développement Mobile, docker",Formation Flutter / React Native
61,Ziani,Marc,39,3,"Développement Web, cloud",Formation Développement Web Frontend
62,Durand,Jean,46,11,"Développement Web, kubernetes",Formation Développement Web Frontend
63,Khelifi,Jean,32,2,"Base de Données, docker",SQL & NoSQL pour Développeurs
64,Haddad,Karim,53,11,"Réseaux, docker",Administration Réseaux & Cisco
65,Ziani,Ali,52,23,"Cybersécurité, docker",Sécurité Réseaux & Pentesting
66,Khelifi,Nina,55,35,"Support Technique, python",Support IT & Gestion Incidents
67,Khelifi,Leila,44,0,"Cloud Computing, kubernetes",Certification AWS / Azure
68,Bouaziz,Karim,28,5,"Cybersécurité, cloud",Sécurité Réseaux & Pentesting
69,Ziani,Karim,50,7,"DevOps, kubernetes",CI/CD avec Docker & Jenkins
70,Durand,Amina,27,8,"Cloud Computing, python",Certification AWS / Azure
71,Benali,Leila,54,1,"Développement Mobile, kubernetes",Formation Flutter / React Native
72,Lemoine,Yasmine,55,36,"IA/ML, python",Deep Learning & IA Appliquée
73,Khelifi,Paul,37,8,"Data Science, cloud",Machine Learning avec Python
74,Dubois,Yasmine,53,30,"Développement Mobile, docker",Formation Flutter / React Native
75,Khelifi,Sophie,46,12,"Data Science, cloud",Machine Learning avec Python
76,Benali,Karim,37,2,"Support Technique, cloud",Support IT & Gestion Incidents
77,Khelifi,Amina,23,0,"Développement Web, kubernetes",Formation Développement Web Frontend
78,Haddad,Amina,36,10,"IA/ML, linux",Deep Learning & IA Appliquée
79,Dubois,Paul,32,14,"Cloud Computing, docker",Certification AWS / Azure
80,Moreau,Amina,53,16,"Cybersécurité, docker",Sécurité Réseaux & Pentesting
81,Durand,Ali,33,0,"Data Science, kubernetes",Machine Learning avec Python
82,Durand,Jean,30,8,"Cybersécurité, cloud",Sécurité Réseaux & Pentesting
83,Dubois,Karim,41,14,"Cloud Computing, cloud",Certification AWS / Azure
84,Durand,Jean,39,3,"IA/ML, kubernetes",Deep Learning & IA Appliquée
85,Benali,Jean,49,11,"Cloud Computing, linux",Certification AWS / Azure
86,Ziani,Leila,48,29,"Base de Données, python",SQL & NoSQL pour Développeurs
87,Benali,Karim,48,28,"Développement Web, kubernetes",Formation Développement Web Frontend
88,Benali,Nina,41,20,"Réseaux, linux",Administration Réseaux & Cisco
89,Khelifi,Amina,29,5,"Cybersécurité, docker",Sécurité Réseaux & Pentesting
90,Haddad,Marc,27,3,"IA/ML, python",Deep Learning & IA Appliquée
91,Lemoine,Marc,38,18,"Cybersécurité, python",Sécurité Réseaux & Pentesting
92,Moreau,Marc,35,14,"Réseaux, python",Administration Réseaux & Cisco
93,Haddad,Yasmine,26,3,"Réseaux, kubernetes",Administration Réseaux & Cisco
94,Bouaziz,Leila,33,14,"Support Technique, docker",Support IT & Gestion Incidents
95,Moreau,Karim,31,0,"Base de Données, linux",SQL & NoSQL pour Développeurs
96,Khelifi,Yasmine,55,24,"Développement Mobile, kubernetes",Formation Flutter / React Native
97,Lemoine,Karim,33,10,"IA/ML, kubernetes",Deep Learning & IA Appliquée
98,Dubois,Karim,26,3,"Support Technique, linux",Support IT & Gestion Incidents
99,Petit,Paul,30,0,"Réseaux, python",Administration Réseaux & Cisco
100,Benali,Karim,39,6,"Cloud Computing, linux",Certification AWS / Azure
101,Dubois,Sophie,27,6,"IA/ML, linux",Deep Learning & IA Appliquée
102,Moreau,Yasmine,29,8,"Développement Mobile, linux",Formation Flutter / React Native
103,Khelifi,Amina,43,5,"IA/ML, python",Deep Learning & IA Appliquée
104,Ziani,Paul,22,1,"Data Science, linux",Machine Learning avec Python
105,Petit,Amina,53,8,"Développement Mobile, linux",Formation Flutter / React Native
106,Durand,Nina,55,13,"IA/ML, python",Deep Learning & IA Appliquée
107,Durand,Jean,52,4,"Support Technique, docker",Support IT & Gestion Incidents
108,Haddad,Marc,23,3,"DevOps, docker",CI/CD avec Docker & Jenkins
109,Durand,Amina,47,2,"Cybersécurité, linux",Sécurité Réseaux & Pentesting
110,Lemoine,Nina,54,5,"Support Technique, kubernetes",Support IT & Gestion Incidents
111,Dubois,Paul,33,13,"Base de Données, kubernetes",SQL & NoSQL pour Développeurs
112,Khelifi,Yasmine,37,2,"Développement Web, linux",Formation Développement Web Frontend
113,Moreau,Jean,29,4,"Data Science, cloud",Machine Learning avec Python
114,Khelifi,Paul,48,25,"Cloud Computing, cloud",Certification AWS / Azure
115,Benali,Paul,35,6,"DevOps, docker",CI/CD avec Docker & Jenkins
116,Benali,Karim,41,14,"Cloud Computing, python",Certification AWS / Azure
117,Durand,Jean,22,0,"Data Science, cloud",Machine Learning avec Python
118,Petit,Amina,42,17,"Cybersécurité, docker",Sécurité Réseaux & Pentesting
119,Bouaziz,Marc,43,5,"Réseaux, linux",Administration Réseaux & Cisco
120,Bouaziz,Nina,44,9,"Développement Mobile, docker",Formation Flutter / React Native
121,Khelifi,Sophie,48,22,"DevOps, linux",CI/CD avec Docker & Jenkins
122,Benali,Karim,23,4,"Base de Données, cloud",SQL & NoSQL pour Développeurs
123,Lemoine,Paul,32,9,"Cloud Computing, kubernetes",Certification AWS / Azure
124,Khelifi,Marc,39,20,"Cybersécurité, linux",Sécurité Réseaux & Pentesting
125,Durand,Marc,52,8,"Base de Données, python",SQL & NoSQL pour Développeurs
126,Ziani,Leila,32,5,"Cloud Computing, docker",Certification AWS / Azure
127,Benali,Yasmine,41,1,"Base de Données, linux",SQL & NoSQL pour Développeurs
128,Benali,Karim,39,16,"Cloud Computing, docker",Certification AWS / Azure
129,Moreau,Ali,27,7,"DevOps, kubernetes",CI/CD avec Docker & Jenkins
130,Haddad,Leila,49,17,"Base de Données, cloud",SQL & NoSQL pour Développeurs
131,Khelifi,Jean,29,11,"Réseaux, cloud",Administration Réseaux & Cisco
132,Moreau,Karim,41,21,"DevOps, kubernetes",CI/CD avec Docker & Jenkins
133,Khelifi,Ali,47,0,"Développement Mobile, docker",Formation Flutter / React Native
134,Haddad,Leila,51,13,"Cloud Computing, python",Certification AWS / Azure
135,Benali,Ali,35,13,"Réseaux, cloud",Administration Réseaux & Cisco
136,Haddad,Paul,53,9,"Cloud Computing, cloud",Certification AWS / Azure
137,Lemoine,Yasmine,25,7,"DevOps, linux",CI/CD avec Docker & Jenkins
138,Durand,Marc,25,6,"Base de Données, linux",SQL & NoSQL pour Développeurs
139,Lemoine,Paul,39,15,"Développement Web, cloud",Formation Développement Web Frontend
140,Petit,Marc,44,15,"Data Science, kubernetes",Machine Learning avec Python
141,Petit,Nina,36,10,"Base de Données, kubernetes",SQL & NoSQL pour Développeurs
142,Haddad,Yasmine,48,29,"IA/ML, docker",Deep Learning & IA Appliquée
143,Lemoine,Ali,35,0,"Cybersécurité, python",Sécurité Réseaux & Pentesting
144,Moreau,Jean,46,13,"Développement Web, linux",Formation Développement Web Frontend
145,Petit,Paul,38,6,"Data Science, kubernetes",Machine Learning avec Python
146,Ziani,Ali,49,2,"IA/ML, python",Deep Learning & IA Appliquée
147,Dubois,Yasmine,41,10,"DevOps, kubernetes",CI/CD avec Docker & Jenkins
148,Haddad,Sophie,27,3,"Développement Mobile, docker",Formation Flutter / React Native
149,Petit,Yasmine,43,2,"Data Science, docker",Machine Learning avec Python
150,Lemoine,Sophie,52,25,"Cloud Computing, cloud",Certification AWS / Azure
151,Lemoine,Paul,27,6,"Support Technique, docker",Support IT & Gestion Incidents
152,Petit,Paul,46,22,"Cybersécurité, linux",Sécurité Réseaux & Pentesting
153,Lemoine,Sophie,41,23,"Développement Web, python",Formation Développement Web Frontend
154,Durand,Paul,34,1,"Développement Mobile, linux",Formation Flutter / React Native
155,Petit,Yasmine,37,0,"IA/ML, linux",Deep Learning & IA Appliquée
156,Khelifi,Paul,41,20,"IA/ML, linux",Deep Learning & IA Appliquée
157,Benali,Leila,53,35,"Data Science, cloud",Machine Learning avec Python
158,Petit,Jean,28,7,"IA/ML, cloud",Deep Learning & IA Appliquée
159,Benali,Amina,39,17,"DevOps, python",CI/CD avec Docker & Jenkins
160,Lemoine,Amina,31,12,"Support Technique, linux",Support IT & Gestion Incidents
161,Lemoine,Sophie,22,1,"Support Technique, docker",Support IT & Gestion Incidents
162,Lemoine,Ali,46,15,"Cloud Computing, linux",Certification AWS / Azure
163,Moreau,Jean,42,12,"Développement Mobile, linux",Formation Flutter / React Native
164,Khelifi,Marc,31,13,"DevOps, linux",CI/CD avec Docker & Jenkins
165,Khelifi,Sophie,46,27,"Cybersécurité, linux",Sécurité Réseaux & Pentesting
166,Haddad,Amina,40,18,"Base de Données, python",SQL & NoSQL pour Développeurs
167,Bouaziz,Amina,27,0,"Réseaux, docker",Administration Réseaux & Cisco
168,Petit,Paul,53,28,"Support Technique, linux",Support IT & Gestion Incidents
169,Dubois,Nina,35,10,"Développement Mobile, docker",Formation Flutter / React Native
170,Moreau,Jean,34,6,"Support Technique, docker",Support IT & Gestion Incidents
171,Khelifi,Yasmine,36,15,"Développement Web, kubernetes",Formation Développement Web Frontend
172,Ziani,Paul,39,12,"IA/ML, docker",Deep Learning & IA Appliquée
173,Dubois,Nina,23,5,"Data Science, kubernetes",Machine Learning avec Python
174,Benali,Nina,31,2,"Cybersécurité, docker",Sécurité Réseaux & Pentesting
175,Haddad,Nina,50,21,"DevOps, docker",CI/CD avec Docker & Jenkins
176,Lemoine,Ali,26,8,"Cybersécurité, linux",Sécurité Réseaux & Pentesting
177,Petit,Nina,43,20,"Développement Web, cloud",Formation Développement Web Frontend
178,Petit,Nina,50,5,"DevOps, docker",CI/CD avec Docker & Jenkins
179,Benali,Paul,36,11,"Développement Web, linux",Formation Développement Web Frontend
180,Moreau,Leila,44,18,"Cybersécurité, docker",Sécurité Réseaux & Pentesting
181,Dubois,Amina,36,11,"Support Technique, linux",Support IT & Gestion Incidents
182,Durand,Paul,41,7,"Cloud Computing, kubernetes",Certification AWS / Azure
183,Ziani,Nina,23,0,"Cloud Computing, linux",Certification AWS / Azure
184,Benali,Amina,49,6,"DevOps, linux",CI/CD avec Docker & Jenkins
185,Lemoine,Ali,47,18,"Cloud Computing, kubernetes",Certification AWS / Azure
186,Benali,Yasmine,27,1,"Réseaux, linux",Administration Réseaux & Cisco
187,Bouaziz,Paul,31,3,"Base de Données, kubernetes",SQL & NoSQL pour Développeurs
188,Durand,Karim,29,6,"Cloud Computing, kubernetes",Certification AWS / Azure
189,Haddad,Leila,27,1,"Cybersécurité, python",Sécurité Réseaux & Pentesting
190,Khelifi,Paul,36,16,"IA/ML, docker",Deep Learning & IA Appliquée
191,Benali,Nina,52,2,"Support Technique, cloud",Support IT & Gestion Incidents
192,Ziani,Marc,49,9,"Data Science, linux",Machine Learning avec Python
193,Moreau,Jean,25,4,"IA/ML, python",Deep Learning & IA Appliquée
194,Durand,Ali,50,17,"Base de Données, cloud",SQL & NoSQL pour Développeurs
195,Haddad,Marc,38,2,"Support Technique, python",Support IT & Gestion Incidents
196,Khelifi,Jean,23,1,"Base de Données, cloud",SQL & NoSQL pour Développeurs
197,Ziani,Karim,34,4,"Développement Web, docker",Formation Développement Web Frontend
198,Benali,Ali,55,14,"Data Science, linux",Machine Learning avec Python
199,Khelifi,Marc,53,6,"Support Technique, linux",Support IT & Gestion Incidents
200,Lemoine,Sophie,41,14,"IA/ML, docker",Deep Learning & IA Appliquée
201,Moreau,Yasmine,41,23,"Data Science, docker",Machine Learning avec Python
202,Ziani,Marc,50,18,"IA/ML, docker",Deep Learning & IA Appliquée
203,Bouaziz,Karim,24,5,"Support Technique, docker",Support IT & Gestion Incidents
204,Lemoine,Paul,40,19,"Réseaux, docker",Administration Réseaux & Cisco
205,Khelifi,Marc,39,21,"IA/ML, docker",Deep Learning & IA Appliquée
206,Khelifi,Ali,32,8,"Cloud Computing, linux",Certification AWS / Azure
207,Ziani,Jean,33,13,"Cloud Computing, cloud",Certification AWS / Azure
208,Moreau,Nina,37,1,"Support Technique, kubernetes",Support IT & Gestion Incidents
209,Lemoine,Karim,23,1,"Cybersécurité, cloud",Sécurité Réseaux & Pentesting
210,Benali,Ali,29,0,"Cybersécurité, cloud",Sécurité Réseaux & Pentesting
211,Dubois,Nina,32,0,"IA/ML, docker",Deep Learning & IA Appliquée
212,Bouaziz,Karim,43,4,"Réseaux, python",Administration Réseaux & Cisco
213,Ziani,Ali,23,0,"Support Technique, docker",Support IT & Gestion Incidents
214,Dubois,Leila,22,1,"Support Technique, python",Support IT & Gestion Incidents
215,Khelifi,Karim,42,23,"Support Technique, docker",Support IT & Gestion Incidents
216,Benali,Nina,33,15,"Support Technique, cloud",Support IT & Gestion Incidents
217,Benali,Yasmine,29,4,"Développement Mobile, kubernetes",Formation Flutter / React Native
218,Haddad,Sophie,41,11,"Développement Web, docker",Formation Développement Web Frontend
219,Petit,Marc,36,9,"Développement Mobile, python",Formation Flutter / React Native
220,Haddad,Paul,45,27,"DevOps, cloud",CI/CD avec Docker & Jenkins
221,Bouaziz,Leila,49,28,"IA/ML, kubernetes",Deep Learning & IA Appliquée
222,Moreau,Leila,35,10,"Réseaux, python",Administration Réseaux & Cisco
223,Benali,Leila,53,15,"Data Science, python",Machine Learning avec Python
224,Durand,Marc,43,10,"Réseaux, docker",Administration Réseaux & Cisco
225,Durand,Marc,30,11,"DevOps, linux",CI/CD avec Docker & Jenkins
226,Moreau,Yasmine,41,21,"Cloud Computing, docker",Certification AWS / Azure
227,Petit,Leila,34,4,"Base de Données, docker",SQL & NoSQL pour Développeurs
228,Lemoine,Jean,28,9,"Développement Mobile, kubernetes",Formation Flutter / React Native
229,Lemoine,Paul,51,31,"Cybersécurité, docker",Sécurité Réseaux & Pentesting
230,Ziani,Karim,27,9,"Réseaux, kubernetes",Administration Réseaux & Cisco
231,Moreau,Nina,25,6,"Réseaux, kubernetes",Administration Réseaux & Cisco
232,Haddad,Nina,54,17,"Data Science, docker",Machine Learning avec Python
233,Petit,Leila,52,0,"Base de Données, python",SQL & NoSQL pour Développeurs
234,Dubois,Ali,46,15,"IA/ML, python",Deep Learning & IA Appliquée
235,Durand,Marc,42,21,"DevOps, python",CI/CD avec Docker & Jenkins
236,Moreau,Jean,38,9,"DevOps, kubernetes",CI/CD avec Docker & Jenkins
237,Moreau,Nina,49,0,"DevOps, python",CI/CD avec Docker & Jenkins
238,Ziani,Amina,47,20,"Développement Web, cloud",Formation Développement Web Frontend
239,Bouaziz,Karim,23,0,"Réseaux, docker",Administration Réseaux & Cisco
240,Bouaziz,Karim,49,25,"Développement Mobile, linux",Formation Flutter / React Native
241,Bouaziz,Yasmine,38,6,"Cybersécurité, docker",Sécurité Réseaux & Pentesting
242,Petit,Amina,24,6,"DevOps, linux",CI/CD avec Docker & Jenkins
243,Haddad,Marc,23,3,"IA/ML, kubernetes",Deep Learning & IA Appliquée
244,Ziani,Paul,30,1,"Réseaux, python",Administration Réseaux & Cisco
245,Haddad,Jean,27,7,"Réseaux, python",Administration Réseaux & Cisco
246,Ziani,Nina,51,17,"Développement Mobile, cloud",Formation Flutter / React Native
247,Haddad,Jean,45,14,"Base de Données, python",SQL & NoSQL pour Développeurs
248,Bouaziz,Yasmine,30,0,"Cloud Computing, cloud",Certification AWS / Azure
249,Dubois,Paul,42,19,"Développement Mobile, linux",Formation Flutter / React Native
250,Ziani,Amina,39,2,"Réseaux, docker",Administration Réseaux & Cisco
251,Lemoine,Yasmine,33,13,"Cybersécurité, linux",Sécurité Réseaux & Pentesting
252,Bouaziz,Paul,46,16,"Réseaux, cloud",Administration Réseaux & Cisco
253,Ziani,Jean,55,5,"DevOps, python",CI/CD avec Docker & Jenkins
254,Benali,Sophie,41,20,"Support Technique, docker",Support IT & Gestion Incidents
255,Lemoine,Marc,48,3,"DevOps, cloud",CI/CD avec Docker & Jenkins
256,Haddad,Jean,49,12,"Support Technique, docker",Support IT & Gestion Incidents
257,Benali,Jean,44,23,"Data Science, cloud",Machine Learning avec Python
258,Petit,Jean,25,2,"IA/ML, cloud",Deep Learning & IA Appliquée
259,Dubois,Amina,23,5,"Base de Données, cloud",SQL & NoSQL pour Développeurs
260,Haddad,Leila,49,29,"Support Technique, linux",Support IT & Gestion Incidents
261,Haddad,Amina,45,18,"Développement Mobile, kubernetes",Formation Flutter / React Native
262,Lemoine,Amina,48,24,"Cloud Computing, python",Certification AWS / Azure
263,Petit,Sophie,43,18,"Support Technique, cloud",Support IT & Gestion Incidents
264,Moreau,Yasmine,54,20,"Développement Web, docker",Formation Développement Web Frontend
265,Moreau,Leila,39,12,"DevOps, docker",CI/CD avec Docker & Jenkins
266,Durand,Sophie,28,4,"Data Science, python",Machine Learning avec Python
267,Bouaziz,Nina,43,19,"Développement Mobile, linux",Formation Flutter / React Native
268,Lemoine,Nina,22,4,"Support Technique, docker",Support IT & Gestion Incidents
269,Lemoine,Karim,50,26,"Réseaux, python",Administration Réseaux & Cisco
270,Durand,Amina,38,17,"Cybersécurité, kubernetes",Sécurité Réseaux & Pentesting
271,Dubois,Marc,44,21,"DevOps, cloud",CI/CD avec Docker & Jenkins
272,Dubois,Ali,36,1,"Cloud Computing, cloud",Certification AWS / Azure
273,Khelifi,Sophie,40,12,"Cybersécurité, python",Sécurité Réseaux & Pentesting
274,Bouaziz,Amina,55,10,"Cloud Computing, python",Certification AWS / Azure
275,Moreau,Paul,26,1,"Cybersécurité, linux",Sécurité Réseaux & Pentesting
276,Benali,Ali,34,2,"DevOps, python",CI/CD avec Docker & Jenkins
277,Dubois,Sophie,22,1,"Cybersécurité, docker",Sécurité Réseaux & Pentesting
278,Khelifi,Jean,39,3,"Développement Mobile, kubernetes",Formation Flutter / React Native
279,Haddad,Nina,45,9,"IA/ML, docker",Deep Learning & IA Appliquée
280,Durand,Karim,22,4,"Développement Web, docker",Formation Développement Web Frontend
281,Haddad,Leila,25,7,"IA/ML, docker",Deep Learning & IA Appliquée
282,Khelifi,Nina,31,9,"IA/ML, docker",Deep Learning & IA Appliquée
283,Khelifi,Paul,27,6,"Développement Mobile, docker",Formation Flutter / React Native
284,Khelifi,Yasmine,25,3,"DevOps, python",CI/CD avec Docker & Jenkins
285,Durand,Ali,24,5,"Support Technique, kubernetes",Support IT & Gestion Incidents
286,Ziani,Amina,55,17,"DevOps, python",CI/CD avec Docker & Jenkins
287,Dubois,Nina,27,8,"Data Science, linux",Machine Learning avec Python
288,Moreau,Sophie,35,1,"Support Technique, kubernetes",Support IT & Gestion Incidents
289,Moreau,Sophie,48,16,"Base de Données, linux",SQL & NoSQL pour Développeurs
290,Khelifi,Karim,39,9,"DevOps, linux",CI/CD avec Docker & Jenkins
291,Benali,Paul,22,4,"Cloud Computing, cloud",Certification AWS / Azure
292,Ziani,Yasmine,38,3,"Cloud Computing, cloud",Certification AWS / Azure
293,Ziani,Paul,47,13,"DevOps, docker",CI/CD avec Docker & Jenkins
294,Petit,Paul,34,10,"Cybersécurité, kubernetes",Sécurité Réseaux & Pentesting
295,Benali,Amina,46,0,"Développement Mobile, cloud",Formation Flutter / React Native
296,Petit,Amina,35,3,"DevOps, python",CI/CD avec Docker & Jenkins
297,Khelifi,Sophie,32,13,"Cloud Computing, linux",Certification AWS / Azure
298,Benali,Amina,49,27,"Développement Web, cloud",Formation Développement Web Frontend
299,Durand,Nina,32,13,"Cloud Computing, linux",Certification AWS / Azure
300,Lemoine,Yasmine,26,2,"Développement Web, python",Formation Développement Web Frontend
301,Petit,Karim,51,16,"Développement Web, kubernetes",Formation Développement Web Frontend
302,Lemoine,Karim,52,21,"Développement Mobile, docker",Formation Flutter / React Native
303,Haddad,Paul,43,18,"IA/ML, docker",Deep Learning & IA Appliquée
304,Moreau,Leila,39,13,"IA/ML, cloud",Deep Learning & IA Appliquée
305,Bouaziz,Ali,44,5,"Support Technique, kubernetes",Support IT & Gestion Incidents
306,Benali,Sophie,36,15,"DevOps, docker",CI/CD avec Docker & Jenkins
307,Ziani,Karim,32,9,"Développement Mobile, python",Formation Flutter / React Native
308,Moreau,Yasmine,48,29,"IA/ML, docker",Deep Learning & IA Appliquée
309,Ziani,Karim,38,10,"Cloud Computing, linux",Certification AWS / Azure
310,Bouaziz,Yasmine,33,5,"Développement Web, cloud",Formation Développement Web Frontend
311,Petit,Karim,42,2,"Développement Mobile, python",Formation Flutter / React Native
312,Petit,Ali,40,21,"Développement Mobile, kubernetes",Formation Flutter / React Native
313,Ziani,Paul,36,1,"Cloud Computing, kubernetes",Certification AWS / Azure
314,Petit,Paul,55,10,"Réseaux, kubernetes",Administration Réseaux & Cisco
315,Petit,Jean,24,6,"IA/ML, linux",Deep Learning & IA Appliquée
316,Bouaziz,Karim,33,3,"Développement Mobile, cloud",Formation Flutter / React Native
317,Moreau,Marc,23,0,"Cybersécurité, kubernetes",Sécurité Réseaux & Pentesting
318,Haddad,Leila,35,17,"Développement Web, python",Formation Développement Web Frontend
319,Khelifi,Paul,47,2,"Cloud Computing, python",Certification AWS / Azure
320,Moreau,Leila,46,15,"Support Technique, linux",Support IT & Gestion Incidents
321,Dubois,Leila,38,14,"Cloud Computing, kubernetes",Certification AWS / Azure
322,Benali,Yasmine,52,10,"IA/ML, docker",Deep Learning & IA Appliquée
323,Ziani,Yasmine,26,5,"Cybersécurité, linux",Sécurité Réseaux & Pentesting
324,Khelifi,Jean,53,35,"DevOps, linux",CI/CD avec Docker & Jenkins
325,Ziani,Yasmine,31,10,"Support Technique, kubernetes",Support IT & Gestion Incidents
326,Ziani,Yasmine,42,9,"Cloud Computing, docker",Certification AWS / Azure
327,Durand,Jean,55,2,"DevOps, python",CI/CD avec Docker & Jenkins
328,Haddad,Jean,35,13,"Base de Données, python",SQL & NoSQL pour Développeurs
329,Lemoine,Amina,55,28,"Développement Mobile, kubernetes",Formation Flutter / React Native
330,Durand,Ali,51,10,"IA/ML, python",Deep Learning & IA Appliquée
331,Petit,Yasmine,32,0,"Cybersécurité, python",Sécurité Réseaux & Pentesting
332,Benali,Jean,24,5,"Cloud Computing, kubernetes",Certification AWS / Azure
333,Ziani,Marc,39,16,"Data Science, docker",Machine Learning avec Python
334,Durand,Paul,33,3,"Cloud Computing, python",Certification AWS / Azure
335,Durand,Sophie,37,4,"Cloud Computing, python",Certification AWS / Azure
336,Benali,Karim,33,13,"Réseaux, cloud",Administration Réseaux & Cisco
337,Bouaziz,Amina,36,8,"Réseaux, kubernetes",Administration Réseaux & Cisco
338,Khelifi,Karim,40,10,"Réseaux, linux",Administration Réseaux & Cisco
339,Khelifi,Amina,40,19,"IA/ML, docker",Deep Learning & IA Appliquée
340,Benali,Yasmine,54,34,"Cloud Computing, kubernetes",Certification AWS / Azure
341,Ziani,Nina,37,11,"IA/ML, python",Deep Learning & IA Appliquée
342,Dubois,Marc,36,13,"Cloud Computing, kubernetes",Certification AWS / Azure
343,Moreau,Yasmine,44,21,"DevOps, docker",CI/CD avec Docker & Jenkins
344,Ziani,Yasmine,47,15,"Support Technique, python",Support IT & Gestion Incidents
345,Khelifi,Marc,30,0,"Base de Données, linux",SQL & NoSQL pour Développeurs
346,Durand,Karim,28,5,"Base de Données, cloud",SQL & NoSQL pour Développeurs
347,Dubois,Yasmine,41,4,"DevOps, kubernetes",CI/CD avec Docker & Jenkins
348,Dubois,Jean,52,5,"DevOps, docker",CI/CD avec Docker & Jenkins
349,Petit,Leila,28,3,"Cybersécurité, linux",Sécurité Réseaux & Pentesting
350,Khelifi,Karim,37,12,"Développement Web, cloud",Formation Développement Web Frontend
351,Durand,Nina,42,15,"Développement Web, kubernetes",Formation Développement Web Frontend
352,Bouaziz,Jean,27,6,"Réseaux, kubernetes",Administration Réseaux & Cisco
353,Khelifi,Leila,49,27,"Cybersécurité, kubernetes",Sécurité Réseaux & Pentesting
354,Benali,Yasmine,33,14,"Base de Données, cloud",SQL & NoSQL pour Développeurs
355,Moreau,Paul,48,4,"Réseaux, python",Administration Réseaux & Cisco
356,Khelifi,Jean,23,3,"Développement Mobile, python",Formation Flutter / React Native
357,Moreau,Ali,22,4,"Base de Données, linux",SQL & NoSQL pour Développeurs
358,Haddad,Sophie,42,21,"Cybersécurité, linux",Sécurité Réseaux & Pentesting
359,Petit,Amina,46,23,"Support Technique, python",Support IT & Gestion Incidents
360,Petit,Jean,39,13,"Cybersécurité, cloud",Sécurité Réseaux & Pentesting
361,Khelifi,Leila,37,16,"DevOps, docker",CI/CD avec Docker & Jenkins
362,Ziani,Karim,33,4,"Développement Mobile, linux",Formation Flutter / React Native
363,Durand,Amina,31,8,"Cybersécurité, linux",Sécurité Réseaux & Pentesting
364,Haddad,Jean,51,28,"Cybersécurité, docker",Sécurité Réseaux & Pentesting
365,Bouaziz,Amina,48,5,"Support Technique, linux",Support IT & Gestion Incidents
366,Dubois,Jean,35,1,"Développement Mobile, linux",Formation Flutter / React Native
367,Bouaziz,Leila,43,11,"Réseaux, linux",Administration Réseaux & Cisco
368,Dubois,Ali,39,7,"Développement Web, cloud",Formation Développement Web Frontend
369,Benali,Sophie,34,6,"Développement Mobile, docker",Formation Flutter / React Native
370,Khelifi,Amina,32,0,"DevOps, linux",CI/CD avec Docker & Jenkins
371,Dubois,Paul,47,0,"Support Technique, kubernetes",Support IT & Gestion Incidents
372,Haddad,Yasmine,34,6,"Cybersécurité, linux",Sécurité Réseaux & Pentesting
373,Lemoine,Ali,46,21,"Support Technique, python",Support IT & Gestion Incidents
374,Durand,Karim,40,4,"Développement Web, python",Formation Développement Web Frontend
375,Dubois,Yasmine,23,5,"Base de Données, kubernetes",SQL & NoSQL pour Développeurs
376,Benali,Ali,40,11,"Réseaux, cloud",Administration Réseaux & Cisco
377,Dubois,Ali,40,10,"DevOps, linux",CI/CD avec Docker & Jenkins
378,Lemoine,Marc,36,12,"Base de Données, linux",SQL & NoSQL pour Développeurs
379,Petit,Ali,54,18,"Développement Mobile, python",Formation Flutter / React Native
380,Ziani,Nina,42,0,"Data Science, docker",Machine Learning avec Python
381,Durand,Sophie,53,20,"Cloud Computing, python",Certification AWS / Azure
382,Benali,Jean,40,16,"DevOps, python",CI/CD avec Docker & Jenkins
383,Khelifi,Paul,54,22,"Développement Web, linux",Formation Développement Web Frontend
384,Lemoine,Leila,42,5,"Développement Mobile, linux",Formation Flutter / React Native
385,Haddad,Jean,28,6,"Support Technique, linux",Support IT & Gestion Incidents
386,Ziani,Sophie,35,7,"Base de Données, docker",SQL & NoSQL pour Développeurs
387,Petit,Jean,37,8,"Data Science, kubernetes",Machine Learning avec Python
388,Petit,Karim,29,11,"IA/ML, python",Deep Learning & IA Appliquée
389,Ziani,Paul,37,8,"Base de Données, linux",SQL & NoSQL pour Développeurs
390,Haddad,Nina,37,15,"Cloud Computing, cloud",Certification AWS / Azure
391,Petit,Sophie,29,6,"Développement Web, docker",Formation Développement Web Frontend
392,Durand,Karim,50,27,"DevOps, linux",CI/CD avec Docker & Jenkins
393,Haddad,Marc,28,3,"Cybersécurité, docker",Sécurité Réseaux & Pentesting
394,Durand,Leila,23,3,"Data Science, kubernetes",Machine Learning avec Python
395,Bouaziz,Yasmine,54,26,"Cybersécurité, cloud",Sécurité Réseaux & Pentesting
396,Lemoine,Karim,49,27,"Support Technique, kubernetes",Support IT & Gestion Incidents
397,Benali,Nina,28,5,"Cloud Computing, python",Certification AWS / Azure
398,Petit,Amina,32,5,"Base de Données, docker",SQL & NoSQL pour Développeurs
399,Haddad,Jean,54,4,"Cybersécurité, kubernetes",Sécurité Réseaux & Pentesting
400,Lemoine,Karim,24,5,"Développement Web, kubernetes",Formation Développement Web Frontend
401,Moreau,Karim,36,7,"Cloud Computing, python",Certification AWS / Azure
402,Lemoine,Leila,30,12,"Cloud Computing, cloud",Certification AWS / Azure
403,Benali,Sophie,28,7,"DevOps, docker",CI/CD avec Docker & Jenkins
404,Bouaziz,Amina,24,4,"Data Science, docker",Machine Learning avec Python
405,Petit,Nina,37,18,"Support Technique, docker",Support IT & Gestion Incidents
406,Durand,Sophie,39,17,"Cloud Computing, docker",Certification AWS / Azure
407,Ziani,Paul,50,19,"Développement Web, cloud",Formation Développement Web Frontend
408,Bouaziz,Jean,53,17,"Base de Données, python",SQL & NoSQL pour Développeurs
409,Durand,Karim,22,2,"Base de Données, linux",SQL & NoSQL pour Développeurs
410,Haddad,Karim,29,7,"DevOps, docker",CI/CD avec Docker & Jenkins
411,Benali,Ali,43,21,"Réseaux, docker",Administration Réseaux & Cisco
412,Haddad,Yasmine,52,5,"Cybersécurité, python",Sécurité Réseaux & Pentesting
413,Dubois,Leila,46,3,"Data Science, docker",Machine Learning avec Python
414,Moreau,Paul,26,0,"DevOps, kubernetes",CI/CD avec Docker & Jenkins
415,Durand,Leila,53,11,"IA/ML, linux",Deep Learning & IA Appliquée
416,Dubois,Karim,36,2,"Support Technique, cloud",Support IT & Gestion Incidents
417,Khelifi,Nina,25,1,"Cybersécurité, cloud",Sécurité Réseaux & Pentesting
418,Lemoine,Nina,52,6,"Support Technique, docker",Support IT & Gestion Incidents
419,Durand,Amina,44,8,"IA/ML, cloud",Deep Learning & IA Appliquée
420,Lemoine,Nina,30,8,"Cloud Computing, kubernetes",Certification AWS / Azure
421,Khelifi,Karim,34,6,"Data Science, kubernetes",Machine Learning avec Python
422,Dubois,Marc,33,3,"Développement Web, linux",Formation Développement Web Frontend
423,Lemoine,Leila,50,6,"Réseaux, cloud",Administration Réseaux & Cisco
424,Petit,Yasmine,45,17,"Cybersécurité, linux",Sécurité Réseaux & Pentesting
425,Ziani,Leila,46,1,"DevOps, python",CI/CD avec Docker & Jenkins
426,Bouaziz,Leila,33,1,"IA/ML, cloud",Deep Learning & IA Appliquée
427,Lemoine,Jean,52,15,"DevOps, kubernetes",CI/CD avec Docker & Jenkins
428,Petit,Amina,39,12,"Support Technique, python",Support IT & Gestion Incidents
429,Durand,Paul,36,3,"Développement Web, python",Formation Développement Web Frontend
430,Khelifi,Paul,27,6,"Cloud Computing, python",Certification AWS / Azure
431,Haddad,Ali,53,2,"Réseaux, linux",Administration Réseaux & Cisco
432,Haddad,Jean,31,3,"IA/ML, python",Deep Learning & IA Appliquée
433,Durand,Yasmine,55,23,"Cybersécurité, cloud",Sécurité Réseaux & Pentesting
434,Benali,Paul,42,22,"Développement Web, python",Formation Développement Web Frontend
435,Durand,Ali,32,8,"Base de Données, python",SQL & NoSQL pour Développeurs
436,Haddad,Karim,52,8,"IA/ML, docker",Deep Learning & IA Appliquée
437,Bouaziz,Ali,46,13,"DevOps, kubernetes",CI/CD avec Docker & Jenkins
438,Haddad,Ali,42,11,"Support Technique, cloud",Support IT & Gestion Incidents
439,Benali,Marc,48,14,"Support Technique, docker",Support IT & Gestion Incidents
440,Petit,Marc,30,1,"IA/ML, docker",Deep Learning & IA Appliquée
441,Moreau,Amina,38,12,"Réseaux, cloud",Administration Réseaux & Cisco
442,Bouaziz,Jean,29,6,"Réseaux, docker",Administration Réseaux & Cisco
443,Lemoine,Leila,34,8,"Développement Mobile, linux",Formation Flutter / React Native
444,Lemoine,Jean,50,5,"Développement Mobile, docker",Formation Flutter / React Native
445,Lemoine,Amina,42,1,"Réseaux, cloud",Administration Réseaux & Cisco
446,Bouaziz,Ali,44,1,"Cloud Computing, docker",Certification AWS / Azure
447,Petit,Jean,31,4,"Cloud Computing, cloud",Certification AWS / Azure
448,Petit,Ali,35,1,"Développement Mobile, cloud",Formation Flutter / React Native
449,Bouaziz,Amina,40,15,"Développement Web, python",Formation Développement Web Frontend
450,Haddad,Paul,32,13,"Développement Web, linux",Formation Développement Web Frontend
451,Moreau,Ali,47,3,"DevOps, python",CI/CD avec Docker & Jenkins
452,Haddad,Yasmine,42,13,"Réseaux, cloud",Administration Réseaux & Cisco
453,Ziani,Jean,33,15,"IA/ML, cloud",Deep Learning & IA Appliquée
454,Dubois,Leila,40,6,"Cloud Computing, docker",Certification AWS / Azure
455,Haddad,Paul,30,8,"Développement Web, linux",Formation Développement Web Frontend
456,Dubois,Karim,43,21,"Réseaux, python",Administration Réseaux & Cisco
457,Benali,Leila,39,8,"Base de Données, docker",SQL & NoSQL pour Développeurs
458,Lemoine,Karim,32,0,"Support Technique, python",Support IT & Gestion Incidents
459,Dubois,Karim,34,10,"Développement Mobile, linux",Formation Flutter / React Native
460,Benali,Amina,51,1,"Base de Données, docker",SQL & NoSQL pour Développeurs
461,Durand,Paul,50,23,"Data Science, linux",Machine Learning avec Python
462,Khelifi,Karim,40,13,"Base de Données, docker",SQL & NoSQL pour Développeurs
463,Haddad,Karim,34,6,"Data Science, kubernetes",Machine Learning avec Python
464,Dubois,Sophie,22,0,"Base de Données, python",SQL & NoSQL pour Développeurs
465,Lemoine,Yasmine,27,6,"DevOps, linux",CI/CD avec Docker & Jenkins
466,Ziani,Nina,43,10,"Développement Mobile, kubernetes",Formation Flutter / React Native
467,Ziani,Nina,22,0,"Data Science, linux",Machine Learning avec Python
468,Khelifi,Sophie,35,4,"Développement Mobile, linux",Formation Flutter / React Native
469,Khelifi,Paul,24,5,"Réseaux, kubernetes",Administration Réseaux & Cisco
470,Haddad,Leila,33,6,"Cybersécurité, kubernetes",Sécurité Réseaux & Pentesting
471,Benali,Leila,46,23,"Cloud Computing, python",Certification AWS / Azure
472,Dubois,Karim,51,7,"Support Technique, python",Support IT & Gestion Incidents
473,Khelifi,Amina,30,2,"IA/ML, cloud",Deep Learning & IA Appliquée
474,Bouaziz,Amina,32,7,"Développement Web, linux",Formation Développement Web Frontend
475,Ziani,Sophie,42,7,"Réseaux, python",Administration Réseaux & Cisco
476,Durand,Leila,32,6,"Cybersécurité, docker",Sécurité Réseaux & Pentesting
477,Lemoine,Leila,32,2,"DevOps, cloud",CI/CD avec Docker & Jenkins
478,Benali,Paul,28,4,"Cloud Computing, cloud",Certification AWS / Azure
479,Durand,Leila,54,24,"DevOps, kubernetes",CI/CD avec Docker & Jenkins
480,Dubois,Leila,27,4,"Cloud Computing, kubernetes",Certification AWS / Azure
481,Moreau,Sophie,29,4,"Data Science, cloud",Machine Learning avec Python
482,Haddad,Karim,53,23,"Cybersécurité, python",Sécurité Réseaux & Pentesting
483,Dubois,Marc,55,32,"Développement Mobile, docker",Formation Flutter / React Native
484,Bouaziz,Leila,33,9,"Cybersécurité, cloud",Sécurité Réseaux & Pentesting
485,Ziani,Jean,26,8,"Support Technique, linux",Support IT & Gestion Incidents
486,Benali,Nina,46,23,"Développement Mobile, cloud",Formation Flutter / React Native
487,Durand,Paul,52,8,"Réseaux, kubernetes",Administration Réseaux & Cisco
488,Petit,Leila,30,2,"DevOps, linux",CI/CD avec Docker & Jenkins
489,Moreau,Ali,26,7,"Data Science, python",Machine Learning avec Python
490,Bouaziz,Ali,41,4,"Développement Mobile, python",Formation Flutter / React Native
491,Dubois,Jean,36,12,"IA/ML, linux",Deep Learning & IA Appliquée
492,Khelifi,Jean,53,23,"Support Technique, docker",Support IT & Gestion Incidents
493,Lemoine,Leila,48,30,"Développement Web, cloud",Formation Développement Web Frontend
494,Moreau,Ali,39,12,"Support Technique, kubernetes",Support IT & Gestion Incidents
495,Khelifi,Amina,31,3,"Développement Web, cloud",Formation Développement Web Frontend
496,Benali,Marc,37,15,"Développement Mobile, python",Formation Flutter / React Native
497,Khelifi,Leila,34,9,"Support Technique, docker",Support IT & Gestion Incidents
498,Bouaziz,Jean,32,2,"IA/ML, cloud",Deep Learning & IA Appliquée
499,Moreau,Jean,25,5,"Cloud Computing, cloud",Certification AWS / Azure
500,Ziani,Marc,45,20,"Réseaux, python",Administration Réseaux & Cisco
501,Benali,Yasmine,47,19,"DevOps, linux",CI/CD avec Docker & Jenkins
502,Moreau,Karim,24,0,"Développement Web, linux",Formation Développement Web Frontend
503,Moreau,Amina,51,30,"Data Science, python",Machine Learning avec Python
504,Khelifi,Paul,23,2,"Développement Mobile, kubernetes",Formation Flutter / React Native
505,Haddad,Jean,46,3,"Réseaux, kubernetes",Administration Réseaux & Cisco
506,Moreau,Leila,55,3,"Base de Données, kubernetes",SQL & NoSQL pour Développeurs
507,Moreau,Yasmine,43,7,"Cloud Computing, docker",Certification AWS / Azure
508,Bouaziz,Yasmine,54,33,"Data Science, docker",Machine Learning avec Python
509,Durand,Marc,37,2,"Support Technique, kubernetes",Support IT & Gestion Incidents
510,Haddad,Karim,33,4,"Cybersécurité, cloud",Sécurité Réseaux & Pentesting
511,Bouaziz,Ali,36,0,"Cloud Computing, linux",Certification AWS / Azure
512,Durand,Marc,49,13,"DevOps, python",CI/CD avec Docker & Jenkins
513,Haddad,Marc,40,1,"Support Technique, linux",Support IT & Gestion Incidents
514,Lemoine,Marc,38,3,"Data Science, cloud",Machine Learning avec Python
515,Haddad,Leila,46,9,"Base de Données, python",SQL & NoSQL pour Développeurs
516,Lemoine,Marc,38,17,"Data Science, kubernetes",Machine Learning avec Python
517,Benali,Paul,22,0,"IA/ML, linux",Deep Learning & IA Appliquée
518,Bouaziz,Amina,33,12,"Cloud Computing, python",Certification AWS / Azure
519,Ziani,Leila,44,5,"IA/ML, kubernetes",Deep Learning & IA Appliquée
520,Moreau,Leila,51,30,"Réseaux, linux",Administration Réseaux & Cisco
521,Dubois,Leila,55,14,"Cloud Computing, cloud",Certification AWS / Azure
522,Petit,Jean,41,21,"DevOps, python",CI/CD avec Docker & Jenkins
523,Khelifi,Marc,41,2,"DevOps, docker",CI/CD avec Docker & Jenkins
524,Petit,Jean,47,2,"Réseaux, python",Administration Réseaux & Cisco
525,Bouaziz,Ali,52,23,"Data Science, linux",Machine Learning avec Python
526,Benali,Marc,39,17,"Data Science, kubernetes",Machine Learning avec Python
527,Petit,Paul,22,0,"Support Technique, docker",Support IT & Gestion Incidents
528,Petit,Karim,28,4,"Base de Données, linux",SQL & NoSQL pour Développeurs
529,Bouaziz,Marc,24,5,"Base de Données, python",SQL & NoSQL pour Développeurs
530,Moreau,Paul,36,1,"Cloud Computing, python",Certification AWS / Azure
531,Haddad,Ali,26,4,"Réseaux, python",Administration Réseaux & Cisco
532,Haddad,Ali,53,6,"Cybersécurité, kubernetes",Sécurité Réseaux & Pentesting
533,Moreau,Marc,30,7,"Cybersécurité, cloud",Sécurité Réseaux & Pentesting
534,Lemoine,Karim,23,2,"Data Science, docker",Machine Learning avec Python
535,Ziani,Amina,27,0,"Base de Données, cloud",SQL & NoSQL pour Développeurs
536,Moreau,Paul,31,1,"Développement Web, kubernetes",Formation Développement Web Frontend
537,Ziani,Sophie,31,3,"IA/ML, linux",Deep Learning & IA Appliquée
538,Benali,Sophie,42,19,"Développement Web, kubernetes",Formation Développement Web Frontend
539,Benali,Paul,55,1,"Réseaux, docker",Administration Réseaux & Cisco
540,Dubois,Yasmine,43,12,"Cybersécurité, cloud",Sécurité Réseaux & Pentesting
541,Durand,Leila,38,3,"Cloud Computing, cloud",Certification AWS / Azure
542,Durand,Paul,36,10,"Développement Mobile, python",Formation Flutter / React Native
543,Petit,Ali,34,0,"IA/ML, kubernetes",Deep Learning & IA Appliquée
544,Bouaziz,Paul,30,11,"Support Technique, kubernetes",Support IT & Gestion Incidents
545,Ziani,Yasmine,52,1,"Cybersécurité, cloud",Sécurité Réseaux & Pentesting
546,Dubois,Jean,48,9,"Développement Web, kubernetes",Formation Développement Web Frontend
547,Durand,Jean,46,26,"Base de Données, docker",SQL & NoSQL pour Développeurs
548,Ziani,Sophie,32,10,"Support Technique, python",Support IT & Gestion Incidents
549,Lemoine,Nina,52,12,"Cloud Computing, python",Certification AWS / Azure
550,Ziani,Marc,29,3,"Base de Données, docker",SQL & NoSQL pour Développeurs
551,Lemoine,Karim,55,11,"Support Technique, linux",Support IT & Gestion Incidents
552,Haddad,Leila,48,1,"Cybersécurité, cloud",Sécurité Réseaux & Pentesting
553,Lemoine,Jean,28,7,"IA/ML, docker",Deep Learning & IA Appliquée
554,Ziani,Sophie,24,1,"DevOps, cloud",CI/CD avec Docker & Jenkins
555,Benali,Jean,38,6,"Réseaux, python",Administration Réseaux & Cisco
556,Moreau,Leila,23,2,"Réseaux, python",Administration Réseaux & Cisco
557,Khelifi,Marc,45,6,"Support Technique, kubernetes",Support IT & Gestion Incidents
558,Bouaziz,Ali,23,2,"Data Science, kubernetes",Machine Learning avec Python
559,Bouaziz,Jean,25,7,"IA/ML, linux",Deep Learning & IA Appliquée
560,Petit,Karim,33,14,"Réseaux, kubernetes",Administration Réseaux & Cisco
561,Khelifi,Yasmine,47,21,"Développement Mobile, kubernetes",Formation Flutter / React Native
562,Petit,Leila,31,7,"Data Science, linux",Machine Learning avec Python
563,Dubois,Paul,36,5,"Cloud Computing, linux",Certification AWS / Azure
564,Haddad,Karim,31,12,"Cybersécurité, python",Sécurité Réseaux & Pentesting
565,Khelifi,Jean,52,0,"Cybersécurité, kubernetes",Sécurité Réseaux & Pentesting
566,Moreau,Paul,54,2,"Développement Mobile, docker",Formation Flutter / React Native
567,Lemoine,Marc,49,12,"Data Science, docker",Machine Learning avec Python
568,Moreau,Marc,27,8,"Cloud Computing, kubernetes",Certification AWS / Azure
569,Haddad,Jean,31,3,"Développement Web, linux",Formation Développement Web Frontend
570,Ziani,Leila,29,3,"Développement Mobile, cloud",Formation Flutter / React Native
571,Petit,Nina,47,3,"IA/ML, cloud",Deep Learning & IA Appliquée
572,Moreau,Paul,35,12,"Base de Données, docker",SQL & NoSQL pour Développeurs
573,Moreau,Leila,28,10,"Cybersécurité, kubernetes",Sécurité Réseaux & Pentesting
574,Khelifi,Yasmine,48,11,"DevOps, kubernetes",CI/CD avec Docker & Jenkins
575,Benali,Jean,22,2,"IA/ML, kubernetes",Deep Learning & IA Appliquée
576,Benali,Paul,37,14,"Base de Données, linux",SQL & NoSQL pour Développeurs
577,Lemoine,Marc,30,8,"Cybersécurité, cloud",Sécurité Réseaux & Pentesting
578,Ziani,Karim,38,20,"Réseaux, python",Administration Réseaux & Cisco
579,Dubois,Marc,43,22,"Développement Web, python",Formation Développement Web Frontend
580,Moreau,Ali,42,11,"Réseaux, python",Administration Réseaux & Cisco
581,Moreau,Marc,55,7,"Développement Mobile, python",Formation Flutter / React Native
582,Petit,Paul,37,18,"Développement Mobile, docker",Formation Flutter / React Native
583,Khelifi,Marc,27,0,"DevOps, python",CI/CD avec Docker & Jenkins
584,Moreau,Jean,27,7,"Base de Données, kubernetes",SQL & NoSQL pour Développeurs
585,Khelifi,Marc,22,0,"IA/ML, cloud",Deep Learning & IA Appliquée
586,Petit,Karim,47,8,"Cybersécurité, cloud",Sécurité Réseaux & Pentesting
587,Khelifi,Leila,38,0,"IA/ML, kubernetes",Deep Learning & IA Appliquée
588,Haddad,Amina,49,22,"IA/ML, docker",Deep Learning & IA Appliquée
589,Khelifi,Sophie,22,0,"Base de Données, kubernetes",SQL & NoSQL pour Développeurs
590,Benali,Ali,41,19,"IA/ML, cloud",Deep Learning & IA Appliquée
591,Moreau,Sophie,46,1,"Développement Mobile, cloud",Formation Flutter / React Native
592,Khelifi,Amina,55,11,"Support Technique, kubernetes",Support IT & Gestion Incidents
593,Benali,Paul,24,6,"Data Science, python",Machine Learning avec Python
594,Ziani,Paul,30,11,"Développement Mobile, linux",Formation Flutter / React Native
595,Lemoine,Yasmine,51,19,"Support Technique, linux",Support IT & Gestion Incidents
596,Ziani,Paul,49,0,"Cloud Computing, linux",Certification AWS / Azure
597,Lemoine,Ali,43,3,"Cybersécurité, python",Sécurité Réseaux & Pentesting
598,Ziani,Jean,27,3,"Base de Données, python",SQL & NoSQL pour Développeurs
599,Durand,Leila,33,11,"Développement Web, python",Formation Développement Web Frontend
600,Khelifi,Nina,23,2,"IA/ML, cloud",Deep Learning & IA Appliquée
601,Bouaziz,Amina,44,24,"Support Technique, kubernetes",Support IT & Gestion Incidents
602,Haddad,Jean,32,9,"Développement Mobile, docker",Formation Flutter / React Native
603,Bouaziz,Leila,22,3,"Data Science, docker",Machine Learning avec Python
604,Ziani,Leila,33,2,"Support Technique, cloud",Support IT & Gestion Incidents
605,Dubois,Sophie,48,17,"Data Science, kubernetes",Machine Learning avec Python
606,Moreau,Nina,35,0,"Réseaux, cloud",Administration Réseaux & Cisco
607,Ziani,Marc,34,12,"Cloud Computing, docker",Certification AWS / Azure
608,Moreau,Ali,51,25,"Support Technique, cloud",Support IT & Gestion Incidents
609,Ziani,Ali,54,21,"Développement Web, cloud",Formation Développement Web Frontend
610,Moreau,Ali,45,0,"Base de Données, kubernetes",SQL & NoSQL pour Développeurs
611,Petit,Leila,24,4,"Développement Mobile, linux",Formation Flutter / React Native
612,Moreau,Amina,54,34,"Développement Mobile, cloud",Formation Flutter / React Native
613,Moreau,Marc,24,6,"DevOps, python",CI/CD avec Docker & Jenkins
614,Benali,Yasmine,36,8,"DevOps, linux",CI/CD avec Docker & Jenkins
615,Durand,Karim,22,0,"Cloud Computing, linux",Certification AWS / Azure
616,Khelifi,Sophie,54,19,"Support Technique, kubernetes",Support IT & Gestion Incidents
617,Benali,Yasmine,37,7,"Développement Mobile, docker",Formation Flutter / React Native
618,Haddad,Sophie,53,0,"Cloud Computing, cloud",Certification AWS / Azure
619,Lemoine,Marc,25,2,"Support Technique, python",Support IT & Gestion Incidents
620,Khelifi,Jean,27,2,"Data Science, docker",Machine Learning avec Python
621,Dubois,Leila,43,24,"IA/ML, linux",Deep Learning & IA Appliquée
622,Haddad,Jean,25,5,"DevOps, linux",CI/CD avec Docker & Jenkins
623,Moreau,Amina,23,4,"Base de Données, docker",SQL & NoSQL pour Développeurs
624,Moreau,Nina,49,4,"Développement Mobile, docker",Formation Flutter / React Native
625,Durand,Paul,54,19,"Support Technique, cloud",Support IT & Gestion Incidents
626,Khelifi,Amina,47,10,"Data Science, linux",Machine Learning avec Python
627,Haddad,Amina,24,1,"Cybersécurité, cloud",Sécurité Réseaux & Pentesting
628,Benali,Marc,23,1,"Développement Mobile, kubernetes",Formation Flutter / React Native
629,Khelifi,Karim,23,3,"Support Technique, kubernetes",Support IT & Gestion Incidents
630,Dubois,Yasmine,23,2,"Base de Données, cloud",SQL & NoSQL pour Développeurs
631,Khelifi,Paul,47,15,"Cybersécurité, docker",Sécurité Réseaux & Pentesting
632,Benali,Marc,42,15,"Développement Web, kubernetes",Formation Développement Web Frontend
633,Benali,Sophie,35,17,"Cybersécurité, kubernetes",Sécurité Réseaux & Pentesting
634,Durand,Paul,25,7,"Base de Données, linux",SQL & NoSQL pour Développeurs
635,Moreau,Nina,44,18,"Cloud Computing, kubernetes",Certification AWS / Azure
636,Khelifi,Amina,54,14,"DevOps, python",CI/CD avec Docker & Jenkins
637,Benali,Leila,43,8,"Data Science, docker",Machine Learning avec Python
638,Khelifi,Amina,34,3,"Base de Données, kubernetes",SQL & NoSQL pour Développeurs
639,Lemoine,Yasmine,26,0,"Data Science, cloud",Machine Learning avec Python
640,Petit,Paul,49,11,"DevOps, kubernetes",CI/CD avec Docker & Jenkins
641,Lemoine,Yasmine,45,15,"Développement Web, cloud",Formation Développement Web Frontend
642,Lemoine,Yasmine,44,6,"DevOps, docker",CI/CD avec Docker & Jenkins
643,Moreau,Sophie,48,5,"Réseaux, python",Administration Réseaux & Cisco
644,Khelifi,Nina,49,15,"IA/ML, python",Deep Learning & IA Appliquée
645,Khelifi,Nina,45,4,"Cloud Computing, python",Certification AWS / Azure
646,Khelifi,Ali,35,8,"Cloud Computing, linux",Certification AWS / Azure
647,Ziani,Karim,54,31,"IA/ML, kubernetes",Deep Learning & IA Appliquée
648,Bouaziz,Amina,31,7,"Base de Données, linux",SQL & NoSQL pour Développeurs
649,Moreau,Leila,40,19,"Cloud Computing, cloud",Certification AWS / Azure
650,Bouaziz,Ali,44,5,"Data Science, linux",Machine Learning avec Python
651,Moreau,Nina,52,34,"IA/ML, cloud",Deep Learning & IA Appliquée
652,Ziani,Ali,29,6,"Base de Données, kubernetes",SQL & NoSQL pour Développeurs
653,Ziani,Marc,34,13,"Base de Données, linux",SQL & NoSQL pour Développeurs
654,Dubois,Leila,27,2,"Développement Web, kubernetes",Formation Développement Web Frontend
655,Dubois,Leila,41,5,"Cybersécurité, cloud",Sécurité Réseaux & Pentesting
656,Khelifi,Sophie,42,6,"Cloud Computing, kubernetes",Certification AWS / Azure
657,Durand,Leila,46,3,"IA/ML, cloud",Deep Learning & IA Appliquée
658,Durand,Amina,32,8,"Data Science, linux",Machine Learning avec Python
659,Lemoine,Sophie,25,4,"Développement Mobile, kubernetes",Formation Flutter / React Native
660,Ziani,Sophie,25,7,"Data Science, linux",Machine Learning avec Python
661,Petit,Paul,47,14,"Développement Mobile, docker",Formation Flutter / React Native
662,Haddad,Sophie,50,19,"Base de Données, linux",SQL & NoSQL pour Développeurs
663,Moreau,Yasmine,51,10,"Support Technique, python",Support IT & Gestion Incidents
664,Petit,Jean,46,8,"Cybersécurité, kubernetes",Sécurité Réseaux & Pentesting
665,Haddad,Yasmine,32,13,"Cybersécurité, docker",Sécurité Réseaux & Pentesting
666,Benali,Ali,26,7,"Data Science, linux",Machine Learning avec Python
667,Haddad,Jean,43,4,"Réseaux, docker",Administration Réseaux & Cisco
668,Haddad,Yasmine,49,28,"Développement Web, cloud",Formation Développement Web Frontend
669,Ziani,Sophie,54,19,"Réseaux, linux",Administration Réseaux & Cisco
670,Haddad,Marc,38,16,"Réseaux, cloud",Administration Réseaux & Cisco
671,Khelifi,Leila,31,10,"Cybersécurité, cloud",Sécurité Réseaux & Pentesting
672,Dubois,Marc,46,3,"Développement Web, cloud",Formation Développement Web Frontend
673,Benali,Ali,41,5,"Développement Web, cloud",Formation Développement Web Frontend
674,Dubois,Sophie,24,5,"Data Science, cloud",Machine Learning avec Python
675,Khelifi,Amina,29,11,"Cloud Computing, linux",Certification AWS / Azure
676,Lemoine,Leila,22,4,"IA/ML, linux",Deep Learning & IA Appliquée
677,Petit,Leila,40,9,"IA/ML, docker",Deep Learning & IA Appliquée
678,Petit,Karim,34,5,"Support Technique, linux",Support IT & Gestion Incidents
679,Haddad,Paul,39,13,"Base de Données, cloud",SQL & NoSQL pour Développeurs
680,Benali,Yasmine,40,19,"IA/ML, linux",Deep Learning & IA Appliquée
681,Haddad,Karim,30,5,"Base de Données, cloud",SQL & NoSQL pour Développeurs
682,Bouaziz,Sophie,47,1,"IA/ML, python",Deep Learning & IA Appliquée
683,Bouaziz,Nina,43,0,"Développement Web, cloud",Formation Développement Web Frontend
684,Benali,Marc,26,5,"Développement Web, linux",Formation Développement Web Frontend
685,Benali,Marc,24,3,"Support Technique, kubernetes",Support IT & Gestion Incidents
686,Dubois,Sophie,35,12,"Data Science, python",Machine Learning avec Python
687,Lemoine,Ali,27,0,"Réseaux, docker",Administration Réseaux & Cisco
688,Benali,Leila,50,18,"Développement Web, docker",Formation Développement Web Frontend
689,Dubois,Karim,50,14,"Réseaux, docker",Administration Réseaux & Cisco
690,Lemoine,Amina,37,19,"Cloud Computing, python",Certification AWS / Azure
691,Petit,Nina,45,27,"Support Technique, linux",Support IT & Gestion Incidents
692,Lemoine,Marc,50,30,"Développement Mobile, kubernetes",Formation Flutter / React Native
693,Ziani,Nina,34,5,"Data Science, docker",Machine Learning avec Python
694,Dubois,Marc,40,10,"Réseaux, docker",Administration Réseaux & Cisco
695,Moreau,Marc,47,9,"Réseaux, kubernetes",Administration Réseaux & Cisco
696,Durand,Paul,30,11,"Cloud Computing, kubernetes",Certification AWS / Azure
697,Benali,Leila,45,20,"Cybersécurité, linux",Sécurité Réseaux & Pentesting
698,Petit,Marc,24,0,"Cybersécurité, linux",Sécurité Réseaux & Pentesting
699,Durand,Sophie,53,21,"Base de Données, python",SQL & NoSQL pour Développeurs
700,Ziani,Ali,25,7,"Support Technique, kubernetes",Support IT & Gestion Incidents
701,Benali,Paul,53,6,"Data Science, linux",Machine Learning avec Python
702,Haddad,Sophie,43,25,"Support Technique, kubernetes",Support IT & Gestion Incidents
703,Khelifi,Marc,48,5,"Support Technique, linux",Support IT & Gestion Incidents
704,Benali,Jean,38,12,"DevOps, kubernetes",CI/CD avec Docker & Jenkins
705,Ziani,Nina,25,6,"Support Technique, kubernetes",Support IT & Gestion Incidents
706,Bouaziz,Leila,28,5,"Développement Mobile, docker",Formation Flutter / React Native
707,Haddad,Marc,41,15,"Cybersécurité, docker",Sécurité Réseaux & Pentesting
708,Khelifi,Ali,53,26,"Cybersécurité, cloud",Sécurité Réseaux & Pentesting
709,Lemoine,Sophie,30,8,"Base de Données, kubernetes",SQL & NoSQL pour Développeurs
710,Lemoine,Sophie,48,4,"Développement Mobile, kubernetes",Formation Flutter / React Native
711,Durand,Yasmine,23,1,"Data Science, cloud",Machine Learning avec Python
712,Moreau,Karim,33,2,"IA/ML, python",Deep Learning & IA Appliquée
713,Ziani,Sophie,39,1,"Réseaux, kubernetes",Administration Réseaux & Cisco
714,Moreau,Ali,54,36,"IA/ML, docker",Deep Learning & IA Appliquée
715,Moreau,Marc,35,4,"Data Science, cloud",Machine Learning avec Python
716,Lemoine,Marc,46,5,"IA/ML, cloud",Deep Learning & IA Appliquée
717,Lemoine,Karim,54,10,"Réseaux, kubernetes",Administration Réseaux & Cisco
718,Ziani,Ali,24,3,"Data Science, docker",Machine Learning avec Python
719,Haddad,Leila,52,32,"Cybersécurité, kubernetes",Sécurité Réseaux & Pentesting
720,Petit,Yasmine,32,4,"IA/ML, cloud",Deep Learning & IA Appliquée
721,Petit,Leila,45,17,"Développement Mobile, python",Formation Flutter / React Native
722,Petit,Nina,45,0,"Développement Web, docker",Formation Développement Web Frontend
723,Durand,Paul,46,3,"Cybersécurité, cloud",Sécurité Réseaux & Pentesting
724,Petit,Jean,47,4,"Base de Données, cloud",SQL & NoSQL pour Développeurs
725,Lemoine,Karim,23,3,"Développement Mobile, cloud",Formation Flutter / React Native
726,Haddad,Amina,28,10,"IA/ML, python",Deep Learning & IA Appliquée
727,Bouaziz,Sophie,37,12,"Réseaux, kubernetes",Administration Réseaux & Cisco
728,Lemoine,Karim,45,20,"Développement Mobile, docker",Formation Flutter / React Native
729,Durand,Amina,44,19,"Développement Mobile, docker",Formation Flutter / React Native
730,Lemoine,Nina,35,6,"Développement Mobile, linux",Formation Flutter / React Native
731,Bouaziz,Karim,43,11,"Développement Mobile, kubernetes",Formation Flutter / React Native
732,Petit,Jean,28,3,"Développement Web, cloud",Formation Développement Web Frontend
733,Benali,Yasmine,30,10,"Cloud Computing, cloud",Certification AWS / Azure
734,Haddad,Nina,35,13,"DevOps, docker",CI/CD avec Docker & Jenkins
735,Ziani,Marc,52,8,"Développement Web, kubernetes",Formation Développement Web Frontend
736,Khelifi,Jean,50,23,"Support Technique, cloud",Support IT & Gestion Incidents
737,Benali,Sophie,53,8,"Cybersécurité, linux",Sécurité Réseaux & Pentesting
738,Bouaziz,Nina,51,10,"IA/ML, kubernetes",Deep Learning & IA Appliquée
739,Bouaziz,Sophie,40,20,"DevOps, cloud",CI/CD avec Docker & Jenkins
740,Ziani,Paul,41,17,"Développement Mobile, docker",Formation Flutter / React Native
741,Durand,Ali,31,7,"Cybersécurité, cloud",Sécurité Réseaux & Pentesting
742,Ziani,Ali,42,4,"Data Science, docker",Machine Learning avec Python
743,Durand,Yasmine,33,15,"Support Technique, linux",Support IT & Gestion Incidents
744,Haddad,Nina,46,17,"Cloud Computing, linux",Certification AWS / Azure
745,Durand,Yasmine,22,4,"Développement Mobile, linux",Formation Flutter / React Native
746,Haddad,Karim,27,3,"Développement Mobile, python",Formation Flutter / React Native
747,Moreau,Jean,53,33,"Base de Données, cloud",SQL & NoSQL pour Développeurs
748,Benali,Leila,50,1,"Réseaux, kubernetes",Administration Réseaux & Cisco
749,Ziani,Karim,46,1,"Développement Mobile, cloud",Formation Flutter / React Native
750,Dubois,Leila,28,4,"Cybersécurité, linux",Sécurité Réseaux & Pentesting
751,Durand,Jean,49,4,"Base de Données, linux",SQL & NoSQL pour Développeurs
752,Durand,Sophie,43,6,"Réseaux, python",Administration Réseaux & Cisco
753,Petit,Sophie,24,5,"Développement Mobile, python",Formation Flutter / React Native
754,Bouaziz,Yasmine,36,5,"Support Technique, cloud",Support IT & Gestion Incidents
755,Bouaziz,Ali,37,2,"Base de Données, docker",SQL & NoSQL pour Développeurs
756,Dubois,Jean,45,9,"Support Technique, cloud",Support IT & Gestion Incidents
757,Bouaziz,Sophie,43,23,"Cybersécurité, docker",Sécurité Réseaux & Pentesting
758,Bouaziz,Karim,36,5,"Cybersécurité, cloud",Sécurité Réseaux & Pentesting
759,Haddad,Marc,55,11,"Cybersécurité, kubernetes",Sécurité Réseaux & Pentesting
760,Petit,Leila,53,11,"Base de Données, cloud",SQL & NoSQL pour Développeurs
761,Lemoine,Amina,46,21,"Support Technique, python",Support IT & Gestion Incidents
762,Dubois,Leila,45,11,"Développement Web, cloud",Formation Développement Web Frontend
763,Bouaziz,Leila,41,6,"DevOps, linux",CI/CD avec Docker & Jenkins
764,Haddad,Nina,25,2,"Réseaux, python",Administration Réseaux & Cisco
765,Petit,Paul,39,7,"Support Technique, python",Support IT & Gestion Incidents
766,Haddad,Marc,27,7,"Cloud Computing, kubernetes",Certification AWS / Azure
767,Benali,Amina,44,11,"Développement Web, python",Formation Développement Web Frontend
768,Durand,Paul,49,12,"IA/ML, kubernetes",Deep Learning & IA Appliquée
769,Durand,Leila,24,6,"Cybersécurité, kubernetes",Sécurité Réseaux & Pentesting
770,Haddad,Jean,46,2,"Réseaux, kubernetes",Administration Réseaux & Cisco
771,Durand,Sophie,23,3,"Réseaux, python",Administration Réseaux & Cisco
772,Dubois,Sophie,24,1,"Réseaux, kubernetes",Administration Réseaux & Cisco
773,Petit,Amina,30,12,"Développement Web, linux",Formation Développement Web Frontend
774,Lemoine,Nina,37,15,"Réseaux, cloud",Administration Réseaux & Cisco
775,Ziani,Jean,30,6,"Base de Données, linux",SQL & NoSQL pour Développeurs
776,Ziani,Yasmine,51,2,"Développement Mobile, python",Formation Flutter / React Native
777,Benali,Sophie,29,2,"Support Technique, cloud",Support IT & Gestion Incidents
778,Petit,Yasmine,26,2,"Support Technique, cloud",Support IT & Gestion Incidents
779,Haddad,Paul,35,15,"Base de Données, kubernetes",SQL & NoSQL pour Développeurs
780,Durand,Leila,49,5,"Cybersécurité, kubernetes",Sécurité Réseaux & Pentesting
781,Petit,Paul,22,2,"IA/ML, docker",Deep Learning & IA Appliquée
782,Moreau,Karim,44,9,"Développement Mobile, kubernetes",Formation Flutter / React Native
783,Khelifi,Jean,28,3,"Support Technique, linux",Support IT & Gestion Incidents
784,Haddad,Amina,43,9,"Base de Données, docker",SQL & NoSQL pour Développeurs
785,Moreau,Sophie,26,5,"IA/ML, docker",Deep Learning & IA Appliquée
786,Khelifi,Ali,31,2,"Support Technique, python",Support IT & Gestion Incidents
787,Bouaziz,Leila,32,5,"Cloud Computing, python",Certification AWS / Azure
788,Haddad,Jean,55,16,"Cybersécurité, kubernetes",Sécurité Réseaux & Pentesting
789,Durand,Ali,47,18,"Support Technique, kubernetes",Support IT & Gestion Incidents
790,Khelifi,Yasmine,39,5,"IA/ML, cloud",Deep Learning & IA Appliquée
791,Dubois,Amina,23,5,"Data Science, kubernetes",Machine Learning avec Python
792,Dubois,Ali,30,1,"Développement Mobile, linux",Formation Flutter / React Native
793,Durand,Marc,33,3,"DevOps, kubernetes",CI/CD avec Docker & Jenkins
794,Dubois,Karim,27,3,"Base de Données, docker",SQL & NoSQL pour Développeurs
795,Durand,Paul,39,12,"Cybersécurité, cloud",Sécurité Réseaux & Pentesting
796,Dubois,Amina,30,2,"Réseaux, kubernetes",Administration Réseaux & Cisco
797,Dubois,Karim,29,3,"Data Science, docker",Machine Learning avec Python
798,Petit,Paul,31,12,"DevOps, cloud",CI/CD avec Docker & Jenkins
799,Bouaziz,Nina,27,1,"Cybersécurité, kubernetes",Sécurité Réseaux & Pentesting
800,Ziani,Jean,34,7,"Développement Mobile, kubernetes",Formation Flutter / React Native
801,Petit,Amina,52,24,"DevOps, cloud",CI/CD avec Docker & Jenkins
802,Benali,Sophie,39,7,"Réseaux, linux",Administration Réseaux & Cisco
803,Dubois,Paul,33,11,"Cybersécurité, cloud",Sécurité Réseaux & Pentesting
804,Lemoine,Leila,45,18,"Data Science, docker",Machine Learning avec Python
805,Lemoine,Ali,37,9,"Cloud Computing, cloud",Certification AWS / Azure
806,Bouaziz,Leila,44,3,"Développement Mobile, linux",Formation Flutter / React Native
807,Petit,Leila,55,37,"Cloud Computing, python",Certification AWS / Azure
808,Durand,Karim,48,17,"Cybersécurité, cloud",Sécurité Réseaux & Pentesting
809,Durand,Leila,46,13,"Data Science, docker",Machine Learning avec Python
810,Petit,Paul,23,5,"Cloud Computing, docker",Certification AWS / Azure
811,Haddad,Ali,29,7,"Support Technique, cloud",Support IT & Gestion Incidents
812,Ziani,Marc,38,0,"Cloud Computing, docker",Certification AWS / Azure
813,Durand,Leila,31,12,"Support Technique, cloud",Support IT & Gestion Incidents
814,Dubois,Ali,24,4,"Développement Mobile, docker",Formation Flutter / React Native
815,Lemoine,Karim,42,23,"Cloud Computing, kubernetes",Certification AWS / Azure
816,Khelifi,Marc,52,15,"Cybersécurité, cloud",Sécurité Réseaux & Pentesting
817,Moreau,Marc,50,8,"Cloud Computing, kubernetes",Certification AWS / Azure
818,Petit,Karim,42,0,"Cybersécurité, docker",Sécurité Réseaux & Pentesting
819,Dubois,Sophie,42,9,"Développement Web, linux",Formation Développement Web Frontend
820,Haddad,Ali,36,2,"Développement Web, linux",Formation Développement Web Frontend
821,Petit,Jean,55,19,"Base de Données, cloud",SQL & NoSQL pour Développeurs
822,Dubois,Karim,48,2,"Base de Données, linux",SQL & NoSQL pour Développeurs
823,Haddad,Sophie,29,8,"Support Technique, docker",Support IT & Gestion Incidents
824,Durand,Amina,43,14,"Cloud Computing, kubernetes",Certification AWS / Azure
825,Petit,Nina,55,34,"DevOps, kubernetes",CI/CD avec Docker & Jenkins
826,Benali,Ali,35,7,"IA/ML, linux",Deep Learning & IA Appliquée
827,Moreau,Paul,33,0,"Développement Web, linux",Formation Développement Web Frontend
828,Ziani,Sophie,22,4,"Développement Web, kubernetes",Formation Développement Web Frontend
829,Ziani,Ali,27,0,"Développement Mobile, python",Formation Flutter / React Native
830,Durand,Sophie,44,14,"Développement Mobile, linux",Formation Flutter / React Native
831,Bouaziz,Yasmine,45,25,"DevOps, kubernetes",CI/CD avec Docker & Jenkins
832,Petit,Amina,54,29,"DevOps, python",CI/CD avec Docker & Jenkins
833,Dubois,Sophie,37,7,"Cybersécurité, docker",Sécurité Réseaux & Pentesting
834,Ziani,Karim,55,22,"Réseaux, python",Administration Réseaux & Cisco
835,Petit,Leila,45,22,"Développement Mobile, cloud",Formation Flutter / React Native
836,Durand,Sophie,49,28,"Data Science, cloud",Machine Learning avec Python
837,Ziani,Jean,26,2,"Cybersécurité, kubernetes",Sécurité Réseaux & Pentesting
838,Lemoine,Paul,53,22,"Cybersécurité, docker",Sécurité Réseaux & Pentesting
839,Benali,Yasmine,30,4,"Réseaux, linux",Administration Réseaux & Cisco
840,Khelifi,Leila,36,4,"Cloud Computing, cloud",Certification AWS / Azure
841,Petit,Sophie,29,8,"Base de Données, docker",SQL & NoSQL pour Développeurs
842,Haddad,Ali,47,9,"Base de Données, python",SQL & NoSQL pour Développeurs
843,Petit,Paul,25,4,"Développement Web, docker",Formation Développement Web Frontend
844,Moreau,Jean,52,33,"Réseaux, linux",Administration Réseaux & Cisco
845,Haddad,Marc,50,16,"Cybersécurité, docker",Sécurité Réseaux & Pentesting
846,Lemoine,Leila,34,4,"DevOps, docker",CI/CD avec Docker & Jenkins
847,Lemoine,Jean,37,4,"DevOps, python",CI/CD avec Docker & Jenkins
848,Lemoine,Marc,55,5,"IA/ML, kubernetes",Deep Learning & IA Appliquée
849,Bouaziz,Marc,55,30,"Réseaux, docker",Administration Réseaux & Cisco
850,Benali,Nina,47,3,"Développement Mobile, kubernetes",Formation Flutter / React Native
851,Dubois,Nina,50,32,"Réseaux, cloud",Administration Réseaux & Cisco
852,Bouaziz,Leila,44,7,"Support Technique, python",Support IT & Gestion Incidents
853,Ziani,Sophie,44,8,"DevOps, docker",CI/CD avec Docker & Jenkins
854,Petit,Leila,39,12,"Data Science, kubernetes",Machine Learning avec Python
855,Lemoine,Karim,22,2,"DevOps, python",CI/CD avec Docker & Jenkins
856,Durand,Karim,53,5,"Réseaux, python",Administration Réseaux & Cisco
857,Benali,Karim,38,7,"Développement Web, linux",Formation Développement Web Frontend
858,Benali,Nina,38,8,"DevOps, linux",CI/CD avec Docker & Jenkins
859,Petit,Jean,52,24,"Data Science, cloud",Machine Learning avec Python
860,Petit,Ali,54,1,"Développement Mobile, linux",Formation Flutter / React Native
861,Lemoine,Leila,26,4,"Cloud Computing, kubernetes",Certification AWS / Azure
862,Bouaziz,Nina,44,3,"Développement Web, kubernetes",Formation Développement Web Frontend
863,Khelifi,Jean,52,33,"Réseaux, cloud",Administration Réseaux & Cisco
864,Moreau,Sophie,36,13,"Base de Données, cloud",SQL & NoSQL pour Développeurs
865,Dubois,Marc,48,2,"Support Technique, docker",Support IT & Gestion Incidents
866,Lemoine,Nina,40,11,"DevOps, python",CI/CD avec Docker & Jenkins
867,Petit,Jean,50,16,"Développement Web, kubernetes",Formation Développement Web Frontend
868,Haddad,Amina,44,20,"Développement Mobile, cloud",Formation Flutter / React Native
869,Haddad,Amina,54,24,"Réseaux, linux",Administration Réseaux & Cisco
870,Moreau,Nina,35,6,"Data Science, cloud",Machine Learning avec Python
871,Ziani,Nina,53,20,"DevOps, python",CI/CD avec Docker & Jenkins
872,Lemoine,Sophie,30,9,"Base de Données, cloud",SQL & NoSQL pour Développeurs
873,Dubois,Paul,24,5,"Data Science, python",Machine Learning avec Python
874,Bouaziz,Ali,48,0,"IA/ML, docker",Deep Learning & IA Appliquée
875,Moreau,Sophie,26,1,"Cybersécurité, cloud",Sécurité Réseaux & Pentesting
876,Moreau,Marc,39,8,"Réseaux, kubernetes",Administration Réseaux & Cisco
877,Dubois,Yasmine,49,29,"Support Technique, kubernetes",Support IT & Gestion Incidents
878,Khelifi,Paul,27,8,"DevOps, linux",CI/CD avec Docker & Jenkins
879,Petit,Yasmine,55,20,"Développement Web, kubernetes",Formation Développement Web Frontend
880,Dubois,Yasmine,31,8,"Support Technique, docker",Support IT & Gestion Incidents
881,Moreau,Leila,43,11,"Base de Données, cloud",SQL & NoSQL pour Développeurs
882,Ziani,Nina,28,7,"Support Technique, kubernetes",Support IT & Gestion Incidents
883,Haddad,Yasmine,31,11,"Base de Données, cloud",SQL & NoSQL pour Développeurs
884,Lemoine,Nina,30,6,"DevOps, cloud",CI/CD avec Docker & Jenkins
885,Bouaziz,Ali,37,11,"DevOps, kubernetes",CI/CD avec Docker & Jenkins
886,Durand,Nina,49,0,"Développement Mobile, kubernetes",Formation Flutter / React Native
887,Durand,Nina,37,13,"DevOps, python",CI/CD avec Docker & Jenkins
888,Lemoine,Paul,55,11,"IA/ML, cloud",Deep Learning & IA Appliquée
889,Bouaziz,Jean,32,12,"IA/ML, kubernetes",Deep Learning & IA Appliquée
890,Durand,Marc,46,26,"Base de Données, kubernetes",SQL & NoSQL pour Développeurs
891,Khelifi,Sophie,51,23,"Support Technique, python",Support IT & Gestion Incidents
892,Benali,Yasmine,26,8,"Réseaux, kubernetes",Administration Réseaux & Cisco
893,Bouaziz,Amina,39,20,"Data Science, kubernetes",Machine Learning avec Python
894,Petit,Jean,55,32,"Réseaux, linux",Administration Réseaux & Cisco
895,Lemoine,Ali,47,26,"Développement Web, docker",Formation Développement Web Frontend
896,Haddad,Paul,51,16,"Développement Web, cloud",Formation Développement Web Frontend
897,Durand,Marc,32,11,"DevOps, docker",CI/CD avec Docker & Jenkins
898,Lemoine,Marc,49,0,"Cloud Computing, docker",Certification AWS / Azure
899,Haddad,Amina,42,3,"Développement Mobile, kubernetes",Formation Flutter / React Native
900,Bouaziz,Sophie,53,7,"Développement Mobile, cloud",Formation Flutter / React Native
901,Moreau,Yasmine,34,16,"DevOps, python",CI/CD avec Docker & Jenkins
902,Haddad,Amina,43,17,"DevOps, python",CI/CD avec Docker & Jenkins
903,Ziani,Ali,50,13,"DevOps, cloud",CI/CD avec Docker & Jenkins
904,Petit,Nina,50,13,"Développement Mobile, docker",Formation Flutter / React Native
905,Petit,Yasmine,26,4,"Réseaux, kubernetes",Administration Réseaux & Cisco
906,Moreau,Ali,48,20,"Cloud Computing, python",Certification AWS / Azure
907,Benali,Paul,39,4,"Cloud Computing, docker",Certification AWS / Azure
908,Durand,Leila,27,3,"Base de Données, cloud",SQL & NoSQL pour Développeurs
909,Haddad,Nina,25,4,"Réseaux, python",Administration Réseaux & Cisco
910,Haddad,Leila,44,10,"DevOps, cloud",CI/CD avec Docker & Jenkins
911,Benali,Sophie,46,15,"DevOps, python",CI/CD avec Docker & Jenkins
912,Dubois,Karim,49,20,"Développement Web, kubernetes",Formation Développement Web Frontend
913,Moreau,Karim,41,5,"IA/ML, cloud",Deep Learning & IA Appliquée
914,Dubois,Karim,52,16,"Réseaux, python",Administration Réseaux & Cisco
915,Khelifi,Nina,23,1,"Cybersécurité, kubernetes",Sécurité Réseaux & Pentesting
916,Dubois,Marc,26,6,"Support Technique, cloud",Support IT & Gestion Incidents
917,Moreau,Jean,37,0,"IA/ML, python",Deep Learning & IA Appliquée
918,Haddad,Amina,31,8,"Data Science, cloud",Machine Learning avec Python
919,Haddad,Leila,31,11,"Cloud Computing, cloud",Certification AWS / Azure
920,Ziani,Yasmine,22,1,"Data Science, docker",Machine Learning avec Python
921,Petit,Sophie,31,4,"Cloud Computing, linux",Certification AWS / Azure
922,Dubois,Amina,39,18,"DevOps, python",CI/CD avec Docker & Jenkins
923,Haddad,Sophie,44,2,"DevOps, docker",CI/CD avec Docker & Jenkins
924,Ziani,Amina,26,3,"Data Science, linux",Machine Learning avec Python
925,Bouaziz,Karim,30,6,"Développement Mobile, docker",Formation Flutter / React Native
926,Benali,Karim,55,34,"Cloud Computing, kubernetes",Certification AWS / Azure
927,Haddad,Ali,43,12,"Cybersécurité, docker",Sécurité Réseaux & Pentesting
928,Durand,Ali,47,29,"Data Science, python",Machine Learning avec Python
929,Benali,Ali,55,7,"DevOps, python",CI/CD avec Docker & Jenkins
930,Haddad,Karim,36,6,"Développement Web, linux",Formation Développement Web Frontend
931,Haddad,Sophie,36,4,"Cybersécurité, cloud",Sécurité Réseaux & Pentesting
932,Moreau,Marc,49,21,"Développement Web, kubernetes",Formation Développement Web Frontend
933,Bouaziz,Nina,24,1,"Cybersécurité, kubernetes",Sécurité Réseaux & Pentesting
934,Petit,Nina,26,0,"Développement Mobile, kubernetes",Formation Flutter / React Native
935,Moreau,Paul,22,2,"Support Technique, kubernetes",Support IT & Gestion Incidents
936,Lemoine,Nina,44,15,"Développement Mobile, docker",Formation Flutter / React Native
937,Lemoine,Sophie,52,31,"Cloud Computing, cloud",Certification AWS / Azure
938,Lemoine,Yasmine,49,0,"Développement Mobile, python",Formation Flutter / React Native
939,Haddad,Karim,43,19,"Support Technique, docker",Support IT & Gestion Incidents
940,Bouaziz,Karim,45,5,"Développement Web, kubernetes",Formation Développement Web Frontend
941,Ziani,Yasmine,35,2,"DevOps, linux",CI/CD avec Docker & Jenkins
942,Lemoine,Amina,41,7,"Développement Web, kubernetes",Formation Développement Web Frontend
943,Durand,Sophie,22,2,"Base de Données, docker",SQL & NoSQL pour Développeurs
944,Durand,Karim,49,0,"DevOps, kubernetes",CI/CD avec Docker & Jenkins
945,Dubois,Paul,30,1,"Data Science, linux",Machine Learning avec Python
946,Durand,Nina,32,8,"Réseaux, linux",Administration Réseaux & Cisco
947,Ziani,Karim,23,0,"Développement Web, docker",Formation Développement Web Frontend
948,Benali,Amina,45,21,"Support Technique, kubernetes",Support IT & Gestion Incidents
949,Khelifi,Nina,27,0,"Réseaux, linux",Administration Réseaux & Cisco
950,Benali,Marc,25,5,"Support Technique, cloud",Support IT & Gestion Incidents
951,Benali,Sophie,44,20,"IA/ML, cloud",Deep Learning & IA Appliquée
952,Petit,Amina,49,2,"Data Science, docker",Machine Learning avec Python
953,Bouaziz,Leila,25,5,"IA/ML, cloud",Deep Learning & IA Appliquée
954,Dubois,Ali,27,3,"IA/ML, cloud",Deep Learning & IA Appliquée
955,Dubois,Marc,54,10,"Data Science, kubernetes",Machine Learning avec Python
956,Moreau,Jean,26,7,"Développement Mobile, docker",Formation Flutter / React Native
957,Benali,Jean,24,0,"Réseaux, python",Administration Réseaux & Cisco
958,Dubois,Ali,54,18,"Cloud Computing, docker",Certification AWS / Azure
959,Haddad,Marc,53,31,"Développement Mobile, python",Formation Flutter / React Native
960,Petit,Karim,29,8,"Développement Mobile, python",Formation Flutter / React Native
961,Petit,Amina,41,6,"Support Technique, cloud",Support IT & Gestion Incidents
962,Bouaziz,Amina,40,19,"Data Science, python",Machine Learning avec Python
963,Ziani,Ali,29,2,"Base de Données, linux",SQL & NoSQL pour Développeurs
964,Lemoine,Amina,36,1,"Réseaux, python",Administration Réseaux & Cisco
965,Durand,Sophie,45,20,"Cloud Computing, python",Certification AWS / Azure
966,Bouaziz,Ali,43,25,"Cybersécurité, kubernetes",Sécurité Réseaux & Pentesting
967,Durand,Marc,36,9,"Base de Données, docker",SQL & NoSQL pour Développeurs
968,Khelifi,Sophie,27,9,"IA/ML, cloud",Deep Learning & IA Appliquée
969,Lemoine,Leila,23,1,"Développement Web, kubernetes",Formation Développement Web Frontend
970,Benali,Amina,44,23,"Cybersécurité, kubernetes",Sécurité Réseaux & Pentesting
971,Khelifi,Marc,33,3,"Support Technique, docker",Support IT & Gestion Incidents
972,Khelifi,Nina,28,2,"IA/ML, docker",Deep Learning & IA Appliquée
973,Bouaziz,Yasmine,29,6,"Développement Web, python",Formation Développement Web Frontend
974,Ziani,Yasmine,49,3,"Base de Données, docker",SQL & NoSQL pour Développeurs
975,Ziani,Sophie,47,25,"Base de Données, kubernetes",SQL & NoSQL pour Développeurs
976,Ziani,Jean,48,26,"Data Science, kubernetes",Machine Learning avec Python
977,Ziani,Karim,46,27,"Cybersécurité, cloud",Sécurité Réseaux & Pentesting
978,Ziani,Amina,45,7,"DevOps, python",CI/CD avec Docker & Jenkins
979,Bouaziz,Leila,51,1,"Support Technique, cloud",Support IT & Gestion Incidents
980,Khelifi,Ali,29,11,"Cybersécurité, linux",Sécurité Réseaux & Pentesting
981,Ziani,Marc,50,6,"Développement Mobile, linux",Formation Flutter / React Native
982,Khelifi,Paul,42,24,"DevOps, linux",CI/CD avec Docker & Jenkins
983,Durand,Yasmine,26,3,"Cybersécurité, linux",Sécurité Réseaux & Pentesting
984,Khelifi,Yasmine,30,2,"DevOps, docker",CI/CD avec Docker & Jenkins
985,Benali,Ali,25,7,"IA/ML, python",Deep Learning & IA Appliquée
986,Durand,Amina,24,0,"IA/ML, cloud",Deep Learning & IA Appliquée
987,Ziani,Paul,32,13,"Base de Données, kubernetes",SQL & NoSQL pour Développeurs
988,Khelifi,Karim,47,15,"Développement Web, linux",Formation Développement Web Frontend
989,Lemoine,Karim,25,4,"Base de Données, python",SQL & NoSQL pour Développeurs
990,Durand,Ali,33,3,"Data Science, cloud",Machine Learning avec Python
991,Dubois,Amina,43,11,"Cybersécurité, python",Sécurité Réseaux & Pentesting
992,Petit,Amina,35,12,"Développement Web, docker",Formation Développement Web Frontend
993,Moreau,Paul,51,2,"Base de Données, kubernetes",SQL & NoSQL pour Développeurs
994,Khelifi,Sophie,50,26,"Cybersécurité, python",Sécurité Réseaux & Pentesting
995,Khelifi,Paul,37,13,"Réseaux, docker",Administration Réseaux & Cisco
996,Lemoine,Leila,31,8,"Cybersécurité, cloud",Sécurité Réseaux & Pentesting
997,Bouaziz,Karim,40,17,"Réseaux, cloud",Administration Réseaux & Cisco
998,Dubois,Jean,25,6,"Cybersécurité, python",Sécurité Réseaux & Pentesting
999,Benali,Karim,33,12,"Support Technique, docker",Support IT & Gestion Incidents
1000,Benali,Amina,41,4,"IA/ML, kubernetes",Deep Learning & IA Appliquée
